
  <rss version="2.0" xmlns:atom="http://www.w3.org/2005/Atom">
    <channel>
      <title>Merry Christmas Blog | kiwinatra</title>
      <link>https://kiwi.xo.je/blog</link>
      <description>My personal blog where I share my musings, now with a festive Christmas twist!</description>
      <language>en-us</language>
      <managingEditor>dude2@atomicmail.io (kiwinatra)</managingEditor>
      <webMaster>dude2@atomicmail.io (kiwinatra)</webMaster>
      <lastBuildDate>Sun, 30 Nov 2025 00:00:00 GMT</lastBuildDate>
      <atom:link href="https://kiwi.xo.je/tags/technology/feed.xml" rel="self" type="application/rss+xml"/>
      
  <item>
    <guid>https://kiwi.xo.je/blog/Zorin-Christmas-upt</guid>
    <title>Announcing the Zorin OS Christmas Update: Festive Magic &amp; New Zorin Core</title>
    <link>https://kiwi.xo.je/blog/Zorin-Christmas-upt</link>
    <description>Get into the holiday spirit with the latest Zorin OS update! Featuring a new winter theme, a gift-filled calendar, the powerful Zorin Core X, and major optimizations for Zorin OS Lite.</description>
    <pubDate>Sun, 30 Nov 2025 00:00:00 GMT</pubDate>
    <author>dude2@atomicmail.io (kiwinatra)</author>
    <category>linux</category><category>open-source</category><category>announcement</category><category>zorin-os</category><category>gnome</category><category>technology</category>
  </item>

    </channel>
  </rss>
