
  <rss version="2.0" xmlns:atom="http://www.w3.org/2005/Atom">
    <channel>
      <title>Merry Christmas Blog | kiwinatra</title>
      <link>https://kiwi.xo.je/blog</link>
      <description>My personal blog where I share my musings, now with a festive Christmas twist!</description>
      <language>en-us</language>
      <managingEditor>dude2@atomicmail.io (kiwinatra)</managingEditor>
      <webMaster>dude2@atomicmail.io (kiwinatra)</webMaster>
      <lastBuildDate>Sat, 01 Nov 2025 00:00:00 GMT</lastBuildDate>
      <atom:link href="https://kiwi.xo.je/tags/ai/feed.xml" rel="self" type="application/rss+xml"/>
      
  <item>
    <guid>https://kiwi.xo.je/blog/LLM</guid>
    <title>Разбираем на косточках: как на самом деле работают LLM</title>
    <link>https://kiwi.xo.je/blog/LLM</link>
    <description>Честно и без прикрас о том, что творится внутри нейросетей, которые притворяются разумными.</description>
    <pubDate>Sat, 01 Nov 2025 00:00:00 GMT</pubDate>
    <author>dude2@atomicmail.io (kiwinatra)</author>
    <category>ai</category><category>llm</category><category>технологии</category><category>разработка</category>
  </item>

    </channel>
  </rss>
