
  <rss version="2.0" xmlns:atom="http://www.w3.org/2005/Atom">
    <channel>
      <title>Blog | kiwinatra</title>
      <link>https://kiwi.xo.je/blog</link>
      <description>My personal blog where I share my musings</description>
      <language>en-us</language>
      <managingEditor>dude2@atomicmail.io (kiwinatra)</managingEditor>
      <webMaster>dude2@atomicmail.io (kiwinatra)</webMaster>
      <lastBuildDate>Sun, 30 Nov 2025 00:00:00 GMT</lastBuildDate>
      <atom:link href="https://kiwi.xo.je/feed.xml" rel="self" type="application/rss+xml"/>
      
  <item>
    <guid>https://kiwi.xo.je/blog/Zorin-Christmas-upt</guid>
    <title>Announcing the Zorin OS Christmas Update: Festive Magic &amp; New Zorin Core</title>
    <link>https://kiwi.xo.je/blog/Zorin-Christmas-upt</link>
    <description>Get into the holiday spirit with the latest Zorin OS update! Featuring a new winter theme, a gift-filled calendar, the powerful Zorin Core X, and major optimizations for Zorin OS Lite.</description>
    <pubDate>Sun, 30 Nov 2025 00:00:00 GMT</pubDate>
    <author>dude2@atomicmail.io (kiwinatra)</author>
    <category>linux</category><category>open-source</category><category>announcement</category><category>zorin-os</category><category>gnome</category><category>technology</category>
  </item>

  <item>
    <guid>https://kiwi.xo.je/blog/LLM</guid>
    <title>Разбираем на косточках: как на самом деле работают LLM</title>
    <link>https://kiwi.xo.je/blog/LLM</link>
    <description>Честно и без прикрас о том, что творится внутри нейросетей, которые притворяются разумными.</description>
    <pubDate>Sat, 01 Nov 2025 00:00:00 GMT</pubDate>
    <author>dude2@atomicmail.io (kiwinatra)</author>
    <category>ai</category><category>llm</category><category>технологии</category><category>разработка</category>
  </item>

  <item>
    <guid>https://kiwi.xo.je/blog/site-speedup</guid>
    <title>Как ускорить свой сайт на 300% с Edge Runtime</title>
    <link>https://kiwi.xo.je/blog/site-speedup</link>
    <description>API Routes И тд.</description>
    <pubDate>Fri, 31 Oct 2025 19:00:00 GMT</pubDate>
    <author>dude2@atomicmail.io (kiwinatra)</author>
    <category>dev</category><category>nextjs</category>
  </item>

  <item>
    <guid>https://kiwi.xo.je/blog/Apple-Competition</guid>
    <title>Какой яп мне выбрать??</title>
    <link>https://kiwi.xo.je/blog/Apple-Competition</link>
    <description>Лучшие языки программирования это - Go, Lua, CoffeeScript, Python.</description>
    <pubDate>Tue, 30 Sep 2025 19:00:00 GMT</pubDate>
    <author>dude2@atomicmail.io (kiwinatra)</author>
    <category>dev</category><category>app</category>
  </item>

  <item>
    <guid>https://kiwi.xo.je/blog/os-problems</guid>
    <title>Создание ОС на C++: PotemkOS и 100+ реальных проблем</title>
    <link>https://kiwi.xo.je/blog/os-problems</link>
    undefined
    <pubDate>Tue, 15 Oct 2024 00:00:00 GMT</pubDate>
    <author>dude2@atomicmail.io (kiwinatra)</author>
    <category>операционные системы</category><category>C++</category><category>low-level</category><category>разработка</category><category>ядро</category>
  </item>

  <item>
    <guid>https://kiwi.xo.je/blog/linux</guid>
    <title>Да уже чо эти линуксоиды. Разбираем - стоит ли ставить Linux разработчику</title>
    <link>https://kiwi.xo.je/blog/linux</link>
    <description>Честный разбор без фанатизма - когда Linux спасет ваш день, а когда заставит вырвать волосы.</description>
    <pubDate>Sat, 20 Jan 2024 00:00:00 GMT</pubDate>
    <author>dude2@atomicmail.io (kiwinatra)</author>
    <category>linux</category><category>development</category><category>rants</category><category>operating-systems</category>
  </item>

  <item>
    <guid>https://kiwi.xo.je/blog/this-is-us</guid>
    <title>Реальные проблемы программистов в дикой природе</title>
    <link>https://kiwi.xo.je/blog/this-is-us</link>
    <description>Коллекция ситуаций, которые поймут только программисты.</description>
    <pubDate>Sat, 20 Jan 2024 00:00:00 GMT</pubDate>
    <author>dude2@atomicmail.io (kiwinatra)</author>
    <category>programming</category><category>humor</category><category>developers</category>
  </item>

  <item>
    <guid>https://kiwi.xo.je/blog/cpp_main_problem</guid>
    <title>C++ — язык, который ненавидят все, но используют все</title>
    <link>https://kiwi.xo.je/blog/cpp_main_problem</link>
    <description>C++ — это как отношения с абьюзивным партнером вроде бы мощно и эффективно, но каждый день заставляешь себя прощать ему все новые косяки.</description>
    <pubDate>Mon, 15 Jan 2024 00:00:00 GMT</pubDate>
    <author>dude2@atomicmail.io (kiwinatra)</author>
    <category>programming</category><category>c++</category><category>rants</category><category>development</category>
  </item>

  <item>
    <guid>https://kiwi.xo.je/blog/Apple-Privacy</guid>
    <title>Apple насрать на приватность, и это очевидно.</title>
    <link>https://kiwi.xo.je/blog/Apple-Privacy</link>
    <description>Apple объявила, что начнет проверять контент, загружаемый в iCloud Photos, по базе известного CSAM-материала. Сам по себе это нормально, но систему можно легко использовать для цензуры.</description>
    <pubDate>Wed, 06 Jul 2022 00:00:00 GMT</pubDate>
    <author>dude2@atomicmail.io (kiwinatra)</author>
    <category>apple</category><category>tech</category><category>privacy</category>
  </item>

  <item>
    <guid>https://kiwi.xo.je/blog/WWDC22</guid>
    <title>WWDC 2022 - Список несбыточных желаний</title>
    <link>https://kiwi.xo.je/blog/WWDC22</link>
    <description>Хотя я сам не пользуюсь их продуктами, вот фичи, которые я надеюсь Apple анонсирует (но никогда не сделает).</description>
    <pubDate>Sun, 05 Jun 2022 00:00:00 GMT</pubDate>
    <author>dude2@atomicmail.io (kiwinatra)</author>
    <category>tech</category><category>apple</category>
  </item>

    </channel>
  </rss>
