
  <rss version="2.0" xmlns:atom="http://www.w3.org/2005/Atom">
    <channel>
      <title>Merry Christmas Blog | kiwinatra</title>
      <link>https://kiwi.xo.je/blog</link>
      <description>My personal blog where I share my musings, now with a festive Christmas twist!</description>
      <language>en-us</language>
      <managingEditor>dude2@atomicmail.io (kiwinatra)</managingEditor>
      <webMaster>dude2@atomicmail.io (kiwinatra)</webMaster>
      <lastBuildDate>Sat, 20 Jan 2024 00:00:00 GMT</lastBuildDate>
      <atom:link href="https://kiwi.xo.je/tags/programming/feed.xml" rel="self" type="application/rss+xml"/>
      
  <item>
    <guid>https://kiwi.xo.je/blog/this-is-us</guid>
    <title>Реальные проблемы программистов в дикой природе</title>
    <link>https://kiwi.xo.je/blog/this-is-us</link>
    <description>Коллекция ситуаций, которые поймут только программисты.</description>
    <pubDate>Sat, 20 Jan 2024 00:00:00 GMT</pubDate>
    <author>dude2@atomicmail.io (kiwinatra)</author>
    <category>programming</category><category>humor</category><category>developers</category>
  </item>

  <item>
    <guid>https://kiwi.xo.je/blog/cpp_main_problem</guid>
    <title>C++ — язык, который ненавидят все, но используют все</title>
    <link>https://kiwi.xo.je/blog/cpp_main_problem</link>
    <description>C++ — это как отношения с абьюзивным партнером вроде бы мощно и эффективно, но каждый день заставляешь себя прощать ему все новые косяки.</description>
    <pubDate>Mon, 15 Jan 2024 00:00:00 GMT</pubDate>
    <author>dude2@atomicmail.io (kiwinatra)</author>
    <category>programming</category><category>c++</category><category>rants</category><category>development</category>
  </item>

    </channel>
  </rss>
