
  <rss version="2.0" xmlns:atom="http://www.w3.org/2005/Atom">
    <channel>
      <title>Merry Christmas Blog | kiwinatra</title>
      <link>https://kiwi.xo.je/blog</link>
      <description>My personal blog where I share my musings, now with a festive Christmas twist!</description>
      <language>en-us</language>
      <managingEditor>dude2@atomicmail.io (kiwinatra)</managingEditor>
      <webMaster>dude2@atomicmail.io (kiwinatra)</webMaster>
      <lastBuildDate>Fri, 31 Oct 2025 19:00:00 GMT</lastBuildDate>
      <atom:link href="https://kiwi.xo.je/tags/nextjs/feed.xml" rel="self" type="application/rss+xml"/>
      
  <item>
    <guid>https://kiwi.xo.je/blog/site-speedup</guid>
    <title>Как ускорить свой сайт на 300% с Edge Runtime</title>
    <link>https://kiwi.xo.je/blog/site-speedup</link>
    <description>API Routes И тд.</description>
    <pubDate>Fri, 31 Oct 2025 19:00:00 GMT</pubDate>
    <author>dude2@atomicmail.io (kiwinatra)</author>
    <category>dev</category><category>nextjs</category>
  </item>

    </channel>
  </rss>
