
  <rss version="2.0" xmlns:atom="http://www.w3.org/2005/Atom">
    <channel>
      <title>Blog | kiwinatra</title>
      <link>https://kiwi.xo.je/blog</link>
      <description>My personal blog where I share my musings</description>
      <language>en-us</language>
      <managingEditor>dude2@atomicmail.io (kiwinatra)</managingEditor>
      <webMaster>dude2@atomicmail.io (kiwinatra)</webMaster>
      <lastBuildDate>Tue, 30 Sep 2025 19:00:00 GMT</lastBuildDate>
      <atom:link href="https://kiwi.xo.je/tags/app/feed.xml" rel="self" type="application/rss+xml"/>
      
  <item>
    <guid>https://kiwi.xo.je/blog/Apple-Competition</guid>
    <title>Какой яп мне выбрать??</title>
    <link>https://kiwi.xo.je/blog/Apple-Competition</link>
    <description>Лучшие языки программирования это - Go, Lua, CoffeeScript, Python.</description>
    <pubDate>Tue, 30 Sep 2025 19:00:00 GMT</pubDate>
    <author>dude2@atomicmail.io (kiwinatra)</author>
    <category>dev</category><category>app</category>
  </item>

    </channel>
  </rss>
