
  <rss version="2.0" xmlns:atom="http://www.w3.org/2005/Atom">
    <channel>
      <title>Merry Christmas Blog | kiwinatra</title>
      <link>https://kiwi.xo.je/blog</link>
      <description>My personal blog where I share my musings, now with a festive Christmas twist!</description>
      <language>en-us</language>
      <managingEditor>dude2@atomicmail.io (kiwinatra)</managingEditor>
      <webMaster>dude2@atomicmail.io (kiwinatra)</webMaster>
      <lastBuildDate>Wed, 03 Dec 2025 00:00:00 GMT</lastBuildDate>
      <atom:link href="https://kiwi.xo.je/tags/update/feed.xml" rel="self" type="application/rss+xml"/>
      
  <item>
    <guid>https://kiwi.xo.je/blog/new-site-theme</guid>
    <title>Новый Год на сайте: Встречаем праздники с обновлённым дизайном!</title>
    <link>https://kiwi.xo.je/blog/new-site-theme</link>
    <description>Праздничное обновление дизайна сайта с рождественской тематикой, новыми анимациями и зимними эффектами.</description>
    <pubDate>Wed, 03 Dec 2025 00:00:00 GMT</pubDate>
    <author>dude2@atomicmail.io (kiwinatra)</author>
    <category>announcement</category><category>design</category><category>holidays</category><category>update</category><category>christmas</category>
  </item>

    </channel>
  </rss>
