
  <rss version="2.0" xmlns:atom="http://www.w3.org/2005/Atom">
    <channel>
      <title>Blog | kiwinatra</title>
      <link>https://kiwi.xo.je/blog</link>
      <description>My personal blog where I share my musings</description>
      <language>en-us</language>
      <managingEditor>dude2@atomicmail.io (kiwinatra)</managingEditor>
      <webMaster>dude2@atomicmail.io (kiwinatra)</webMaster>
      <lastBuildDate>Wed, 06 Jul 2022 00:00:00 GMT</lastBuildDate>
      <atom:link href="https://kiwi.xo.je/tags/tech/feed.xml" rel="self" type="application/rss+xml"/>
      
  <item>
    <guid>https://kiwi.xo.je/blog/Apple-Privacy</guid>
    <title>Apple насрать на приватность, и это очевидно.</title>
    <link>https://kiwi.xo.je/blog/Apple-Privacy</link>
    <description>Apple объявила, что начнет проверять контент, загружаемый в iCloud Photos, по базе известного CSAM-материала. Сам по себе это нормально, но систему можно легко использовать для цензуры.</description>
    <pubDate>Wed, 06 Jul 2022 00:00:00 GMT</pubDate>
    <author>dude2@atomicmail.io (kiwinatra)</author>
    <category>apple</category><category>tech</category><category>privacy</category>
  </item>

  <item>
    <guid>https://kiwi.xo.je/blog/WWDC22</guid>
    <title>WWDC 2022 - Список несбыточных желаний</title>
    <link>https://kiwi.xo.je/blog/WWDC22</link>
    <description>Хотя я сам не пользуюсь их продуктами, вот фичи, которые я надеюсь Apple анонсирует (но никогда не сделает).</description>
    <pubDate>Sun, 05 Jun 2022 00:00:00 GMT</pubDate>
    <author>dude2@atomicmail.io (kiwinatra)</author>
    <category>tech</category><category>apple</category>
  </item>

    </channel>
  </rss>
