
  <rss version="2.0" xmlns:atom="http://www.w3.org/2005/Atom">
    <channel>
      <title>Blog | kiwinatra</title>
      <link>https://kiwi.xo.je/blog</link>
      <description>My personal blog where I share my musings</description>
      <language>en-us</language>
      <managingEditor>dude2@atomicmail.io (kiwinatra)</managingEditor>
      <webMaster>dude2@atomicmail.io (kiwinatra)</webMaster>
      <lastBuildDate>Tue, 15 Oct 2024 00:00:00 GMT</lastBuildDate>
      <atom:link href="https://kiwi.xo.je/tags/c/feed.xml" rel="self" type="application/rss+xml"/>
      
  <item>
    <guid>https://kiwi.xo.je/blog/os-problems</guid>
    <title>Создание ОС на C++: PotemkOS и 100+ реальных проблем</title>
    <link>https://kiwi.xo.je/blog/os-problems</link>
    undefined
    <pubDate>Tue, 15 Oct 2024 00:00:00 GMT</pubDate>
    <author>dude2@atomicmail.io (kiwinatra)</author>
    <category>операционные системы</category><category>C++</category><category>low-level</category><category>разработка</category><category>ядро</category>
  </item>

  <item>
    <guid>https://kiwi.xo.je/blog/cpp_main_problem</guid>
    <title>C++ — язык, который ненавидят все, но используют все</title>
    <link>https://kiwi.xo.je/blog/cpp_main_problem</link>
    <description>C++ — это как отношения с абьюзивным партнером вроде бы мощно и эффективно, но каждый день заставляешь себя прощать ему все новые косяки.</description>
    <pubDate>Mon, 15 Jan 2024 00:00:00 GMT</pubDate>
    <author>dude2@atomicmail.io (kiwinatra)</author>
    <category>programming</category><category>c++</category><category>rants</category><category>development</category>
  </item>

    </channel>
  </rss>
